tuoteryhma,tuoteryhmanimi
1160,RYHMA 521160
1110,RYHMA 691110
1420,RYHMA 171420
1421,RYHMA 451421
22225,RYHMA 2522225
5210,RYHMA 735210
30012,RYHMA 3530012
22231,RYHMA 8222231
1140,RYHMA 161140
0,RYHMA 570
5005,RYHMA 895005
4030,RYHMA 874030
4055,RYHMA 884055
22243,RYHMA 2022243
22250,RYHMA 4122250
4025,RYHMA 214025
22270,RYHMA 3622270
4050,RYHMA 474050
22824,RYHMA 5122824
5620,RYHMA 545620
5610,RYHMA 325610
1260,RYHMA 241260
5060,RYHMA 505060
2500,RYHMA 822500
6040,RYHMA 46040
2010,RYHMA 632010
2255,RYHMA 572255
2210,RYHMA 732210
2205,RYHMA 262205
2240,RYHMA 92240
2215,RYHMA 142215
2220,RYHMA 332220
2250,RYHMA 692250
2225,RYHMA 232225
2140,RYHMA 242140
2150,RYHMA 332150
2160,RYHMA 362160
2170,RYHMA 692170
5265,RYHMA 105265
5270,RYHMA 95270
5240,RYHMA 235240
5275,RYHMA 225275
5255,RYHMA 585255
5245,RYHMA 105245
5220,RYHMA 65220
5225,RYHMA 625225
5215,RYHMA 375215
5260,RYHMA 145260
5280,RYHMA 805280
5540,RYHMA 995540
5560,RYHMA 895560
40006,RYHMA 2230011
30001,RYHMA 2830001
2300,RYHMA 742300
4300,RYHMA 14300
1300,RYHMA 851300
1400,RYHMA 511400
1500,RYHMA 731500
5400,RYHMA 755400
5700,RYHMA 795700
5800,RYHMA 645800
3000,RYHMA 613000
2700,RYHMA 812700
6000,RYHMA 116000
6,RYHMA 986
5530,RYHMA 355530
2770,RYHMA 232770
2760,RYHMA 392760
5030,RYHMA 805030
8100,RYHMA 588100
30002,RYHMA 5130002
5015,RYHMA 665015
5020,RYHMA 575020
5010,RYHMA 635010
22923,RYHMA 722923
5050,RYHMA 975050
5065,RYHMA 385065
5025,RYHMA 655025
5070,RYHMA 785070
5410,RYHMA 575410
5430,RYHMA 755430
1170,RYHMA 591170
1320,RYHMA 791320
40007,RYHMA 75999
40010,RYHMA 575293
40015,RYHMA 352890
1315,RYHMA 261315
2040,RYHMA 762040
5440,RYHMA 645440
5330,RYHMA 485330
10099,RYHMA 510099
40014,RYHMA 212800
5420,RYHMA 225420
4620,RYHMA 734620
4630,RYHMA 74630
4640,RYHMA 834640
4670,RYHMA 624670
3010,RYHMA 463010
3020,RYHMA 543020
3040,RYHMA 673040
1520,RYHMA 271520
1200,RYHMA 381200
1100,RYHMA 891100
1000,RYHMA 671000
4040,RYHMA 784040
22369,RYHMA 7822369
4800,RYHMA 14800
4810,RYHMA 174810
5035,RYHMA 675035
6099,RYHMA 756099
5350,RYHMA 955350
5,RYHMA 385
4065,RYHMA 274065
4035,RYHMA 364035
2590,RYHMA 422590
2540,RYHMA 602540
4000,RYHMA 74000
5840,RYHMA 195840
40008,RYHMA 524085
40009,RYHMA 805180
40011,RYHMA 362790
40012,RYHMA 882780
40013,RYHMA 782715
40016,RYHMA 784660
20354,RYHMA 9620354
40002,RYHMA 4840002
22142,RYHMA 7622142
22182,RYHMA 3922182
22063,RYHMA 4922063
22365,RYHMA 7822365
22381,RYHMA 1922381
22540,RYHMA 1922540
22544,RYHMA 922544
22630,RYHMA 9122630
22704,RYHMA 8122704
22647,RYHMA 7522647
22785,RYHMA 6022785
22793,RYHMA 4022793
22856,RYHMA 8522856
22883,RYHMA 6922883
3145,RYHMA 723145
4005,RYHMA 334005
4042,RYHMA 784042
5855,RYHMA 75855
22189,RYHMA 5222189
22200,RYHMA 2122200
22235,RYHMA 1222235
22242,RYHMA 822242
5055,RYHMA 675055
5080,RYHMA 725080
40017,RYHMA 514690
40018,RYHMA 652810
40019,RYHMA 492820
40020,RYHMA 885490
40021,RYHMA 420528
5285,RYHMA 35285
5000,RYHMA 575000
30000,RYHMA 8630000
40000,RYHMA 5440000
10000,RYHMA 5210000
5500,RYHMA 265500
2750,RYHMA 602750
5075,RYHMA 345075
2740,RYHMA 182740
2030,RYHMA 482030
5090,RYHMA 165090
5860,RYHMA 485860
5290,RYHMA 485290
5360,RYHMA 255360
5520,RYHMA 955520
5710,RYHMA 205710
5825,RYHMA 155825
5995,RYHMA 315995
6015,RYHMA 146015
6035,RYHMA 556035
6070,RYHMA 96070
6130,RYHMA 666130
7007,RYHMA 617007
7035,RYHMA 837035
7050,RYHMA 777050
7250,RYHMA 777250
8040,RYHMA 778040
8220,RYHMA 578220
4010,RYHMA 514010
5650,RYHMA 105650
2520,RYHMA 812520
2000,RYHMA 702000
5900,RYHMA 885900
5450,RYHMA 795450
5340,RYHMA 85340
98,RYHMA 1998
97,RYHMA 4197
96,RYHMA 4596
95,RYHMA 6395
94,RYHMA 4894
93,RYHMA 6193
86,RYHMA 6086
92,RYHMA 1992
91,RYHMA 1891
85,RYHMA 1785
90,RYHMA 3390
89,RYHMA 9189
80,RYHMA 3680
79,RYHMA 1679
81,RYHMA 4881
78,RYHMA 5378
77,RYHMA 3177
76,RYHMA 7176
5720,RYHMA 655720
88,RYHMA 7488
87,RYHMA 5887
84,RYHMA 8884
83,RYHMA 4483
82,RYHMA 5682
3060,RYHMA 913060
3030,RYHMA 803030
3120,RYHMA 543120
5105,RYHMA 455105
5110,RYHMA 265110
5115,RYHMA 225115
5120,RYHMA 345120
5125,RYHMA 845125
5130,RYHMA 695130
5135,RYHMA 935135
5140,RYHMA 795140
5145,RYHMA 965145
5155,RYHMA 755155
5160,RYHMA 525160
5165,RYHMA 695165
7155,RYHMA 307155
7165,RYHMA 97165
7503,RYHMA 527503
3050,RYHMA 743050
3110,RYHMA 613110
3140,RYHMA 743140
40022,RYHMA 86001
3200,RYHMA 673200
4020,RYHMA 914020
4026,RYHMA 414026
4540,RYHMA 814540
4550,RYHMA 764550
3015,RYHMA 373015
4700,RYHMA 234700
3025,RYHMA 303025
5040,RYHMA 135040
5250,RYHMA 75250
5061,RYHMA 675061
5235,RYHMA 805235
20335,RYHMA 7720335
1015,RYHMA 971015
1020,RYHMA 351020
4015,RYHMA 314015
4650,RYHMA 844650
5045,RYHMA 215045
5230,RYHMA 775230
7160,RYHMA 67160
1310,RYHMA 511310
1330,RYHMA 121330
1390,RYHMA 841390
1410,RYHMA 441410
1415,RYHMA 941415
1150,RYHMA 841150
5295,RYHMA 125295
5310,RYHMA 565310
5320,RYHMA 985320
5545,RYHMA 445545
5550,RYHMA 475550
5590,RYHMA 655590
5615,RYHMA 155615
5630,RYHMA 85630
5640,RYHMA 515640
5570,RYHMA 65570
5660,RYHMA 265660
5670,RYHMA 185670
5510,RYHMA 265510
5730,RYHMA 955730
5740,RYHMA 325740
5810,RYHMA 355810
5820,RYHMA 135820
1230,RYHMA 991230
5830,RYHMA 395830
5835,RYHMA 475835
22933,RYHMA 822933
6005,RYHMA 16005
6006,RYHMA 296006
6010,RYHMA 436010
6012,RYHMA 126012
6020,RYHMA 986020
6025,RYHMA 886025
6030,RYHMA 706030
1237,RYHMA 191237
6045,RYHMA 736045
1130,RYHMA 481130
8000,RYHMA 138000
2100,RYHMA 172100
2200,RYHMA 342200
3100,RYHMA 533100
4600,RYHMA 744600
5600,RYHMA 805600
6500,RYHMA 846500
1530,RYHMA 131530
6050,RYHMA 696050
6055,RYHMA 756055
6060,RYHMA 86060
6065,RYHMA 556065
6067,RYHMA 906067
1220,RYHMA 841220
2510,RYHMA 202510
2580,RYHMA 582580
2720,RYHMA 242720
2730,RYHMA 602730
5910,RYHMA 345910
5850,RYHMA 905850
5865,RYHMA 305865
5870,RYHMA 195870
5875,RYHMA 65875
5885,RYHMA 645885
5890,RYHMA 345890
5930,RYHMA 35930
5935,RYHMA 485935
5940,RYHMA 785940
5945,RYHMA 185945
5950,RYHMA 635950
5955,RYHMA 105955
5960,RYHMA 115960
5965,RYHMA 75965
5970,RYHMA 345970
5975,RYHMA 45975
5980,RYHMA 645980
6096,RYHMA 876096
6098,RYHMA 816098
6100,RYHMA 766100
6110,RYHMA 396110
6120,RYHMA 736120
2570,RYHMA 502570
6200,RYHMA 66200
6210,RYHMA 606210
6220,RYHMA 796220
6230,RYHMA 896230
6300,RYHMA 606300
6400,RYHMA 506400
6410,RYHMA 26410
22954,RYHMA 6722954
6520,RYHMA 276520
6530,RYHMA 746530
6531,RYHMA 36531
6532,RYHMA 806532
6535,RYHMA 996535
6536,RYHMA 866536
6537,RYHMA 826537
6540,RYHMA 886540
6550,RYHMA 846550
6560,RYHMA 466560
6600,RYHMA 196600
2550,RYHMA 362550
2515,RYHMA 882515
2560,RYHMA 152560
1250,RYHMA 911250
2525,RYHMA 622525
5880,RYHMA 855880
12000,RYHMA 2012000
12308,RYHMA 912308
12379,RYHMA 8012379
12510,RYHMA 6212510
12550,RYHMA 5012550
12592,RYHMA 912592
12656,RYHMA 1212656
12718,RYHMA 2712718
12792,RYHMA 8712792
12984,RYHMA 9612984
13058,RYHMA 4013058
12181,RYHMA 8312181
2,RYHMA 112
1,RYHMA 401
6610,RYHMA 926610
6620,RYHMA 586620
6680,RYHMA 546680
2710,RYHMA 302710
5920,RYHMA 265920
6810,RYHMA 236810
6815,RYHMA 156815
6820,RYHMA 736820
6830,RYHMA 916830
6840,RYHMA 146840
6850,RYHMA 296850
6860,RYHMA 986860
6870,RYHMA 416870
6880,RYHMA 596880
6885,RYHMA 26885
6890,RYHMA 706890
6895,RYHMA 516895
6910,RYHMA 176910
6950,RYHMA 16950
7000,RYHMA 497000
7004,RYHMA 47004
7010,RYHMA 857010
7012,RYHMA 477012
7013,RYHMA 967013
7015,RYHMA 377015
7020,RYHMA 97020
7025,RYHMA 377025
7030,RYHMA 107030
7040,RYHMA 797040
7045,RYHMA 997045
7055,RYHMA 217055
7060,RYHMA 517060
7065,RYHMA 77065
7170,RYHMA 57170
7200,RYHMA 97200
7205,RYHMA 187205
7210,RYHMA 287210
7215,RYHMA 707215
7220,RYHMA 517220
7225,RYHMA 937225
7230,RYHMA 817230
7235,RYHMA 67235
7240,RYHMA 817240
7245,RYHMA 527245
7260,RYHMA 417260
7265,RYHMA 197265
7270,RYHMA 927270
7275,RYHMA 867275
7280,RYHMA 147280
7285,RYHMA 597285
7300,RYHMA 137300
7310,RYHMA 927310
7320,RYHMA 227320
7330,RYHMA 297330
7340,RYHMA 177340
7350,RYHMA 627350
7360,RYHMA 907360
7370,RYHMA 867370
7400,RYHMA 377400
7410,RYHMA 917410
7504,RYHMA 577504
2530,RYHMA 972530
7507,RYHMA 137507
7512,RYHMA 267512
7590,RYHMA 687590
7595,RYHMA 17595
4330,RYHMA 574330
4070,RYHMA 484070
4080,RYHMA 384080
4530,RYHMA 694530
4325,RYHMA 634325
4350,RYHMA 824350
4510,RYHMA 714510
4355,RYHMA 24355
4340,RYHMA 684340
4360,RYHMA 534360
4430,RYHMA 814430
2310,RYHMA 632310
2320,RYHMA 312320
5095,RYHMA 445095
5150,RYHMA 285150
4520,RYHMA 264520
999,RYHMA 61999
2315,RYHMA 872315
2360,RYHMA 262360
4450,RYHMA 714450
30010,RYHMA 9630010
5170,RYHMA 865170
4,RYHMA 304
4400,RYHMA 324400
3,RYHMA 183
99,RYHMA 1199
4500,RYHMA 964500
5100,RYHMA 325100
4090,RYHMA 374090
4310,RYHMA 534310
5200,RYHMA 175200
5300,RYHMA 515300
4370,RYHMA 584370
4410,RYHMA 534410
4420,RYHMA 634420
4425,RYHMA 284425
4440,RYHMA 124440
3130,RYHMA 913130
5175,RYHMA 945175
5190,RYHMA 935190
5725,RYHMA 945725
7066,RYHMA 337066
7070,RYHMA 467070
7075,RYHMA 217075
7080,RYHMA 377080
7085,RYHMA 507085
7090,RYHMA 907090
7092,RYHMA 47092
7095,RYHMA 317095
7100,RYHMA 207100
7105,RYHMA 787105
7110,RYHMA 317110
7115,RYHMA 357115
7120,RYHMA 817120
7125,RYHMA 207125
7130,RYHMA 867130
7135,RYHMA 577135
7140,RYHMA 57140
7145,RYHMA 827145
7150,RYHMA 107150
1120,RYHMA 751120
1145,RYHMA 981145
1045,RYHMA 431045
1070,RYHMA 621070
1040,RYHMA 261040
1030,RYHMA 981030
1050,RYHMA 541050
1215,RYHMA 891215
1225,RYHMA 831225
1235,RYHMA 921235
1240,RYHMA 191240
1245,RYHMA 171245
1270,RYHMA 201270
2130,RYHMA 602130
2110,RYHMA 622110
6075,RYHMA 46075
6080,RYHMA 376080
6082,RYHMA 236082
6085,RYHMA 616085
6088,RYHMA 916088
6090,RYHMA 136090
6095,RYHMA 126095
1210,RYHMA 891210
6700,RYHMA 496700
6710,RYHMA 666710
6720,RYHMA 446720
6730,RYHMA 66730
6740,RYHMA 286740
6800,RYHMA 336800
7604,RYHMA 847604
7707,RYHMA 557707
7812,RYHMA 267812
7900,RYHMA 417900
22957,RYHMA 5122957
8010,RYHMA 758010
8020,RYHMA 188020
8025,RYHMA 288025
8030,RYHMA 18030
8035,RYHMA 408035
6900,RYHMA 526900
22966,RYHMA 8222966
23089,RYHMA 9423089
8200,RYHMA 378200
8210,RYHMA 208210
8215,RYHMA 148215
22985,RYHMA 8422985
22993,RYHMA 3022993
22998,RYHMA 4222998
23045,RYHMA 323045
23059,RYHMA 1623059
7005,RYHMA 557005
23063,RYHMA 3623063
4045,RYHMA 264045
2120,RYHMA 792120
4610,RYHMA 804610
22188,RYHMA 5722188
20426,RYHMA 7220426
7500,RYHMA 477500
23047,RYHMA 8723047
23076,RYHMA 5023076
23087,RYHMA 3423087
23105,RYHMA 2623105
23118,RYHMA 3723118
23122,RYHMA 223122
23124,RYHMA 2623124
23131,RYHMA 3423131
20540,RYHMA 4120540
22580,RYHMA 6722580
7002,RYHMA 37002
6690,RYHMA 496690
8225,RYHMA 648225
8230,RYHMA 38230
8240,RYHMA 278240
8265,RYHMA 118265
8270,RYHMA 978270
8280,RYHMA 458280
8285,RYHMA 878285
8290,RYHMA 908290
8295,RYHMA 118295
22485,RYHMA 3922485
22758,RYHMA 6322758
20328,RYHMA 320328
22745,RYHMA 3122745
20473,RYHMA 8320473
20474,RYHMA 9520474
22658,RYHMA 2922658
5580,RYHMA 575580
20413,RYHMA 8820413
20492,RYHMA 7720492
22511,RYHMA 9822511
20088,RYHMA 6820088
20609,RYHMA 6420609
20595,RYHMA 8720595
8110,RYHMA 28110
2020,RYHMA 462020
2035,RYHMA 712035
2090,RYHMA 382090
4041,RYHMA 864041
22071,RYHMA 4222071
1010,RYHMA 731010
1180,RYHMA 521180
1510,RYHMA 781510
2535,RYHMA 782535
5895,RYHMA 105895
40001,RYHMA 9840001
40003,RYHMA 2840003
40004,RYHMA 1740004
40005,RYHMA 8540005
22100,RYHMA 7722100
20524,RYHMA 1420524
22121,RYHMA 3322121
22132,RYHMA 9822132
22153,RYHMA 3322153
22159,RYHMA 8522159
22177,RYHMA 2622177
4031,RYHMA 284031
8250,RYHMA 278250
8275,RYHMA 138275
4060,RYHMA 794060
22309,RYHMA 6922309
22322,RYHMA 1722322
22331,RYHMA 3522331
22333,RYHMA 9022333
22338,RYHMA 1722338
22345,RYHMA 4722345
22352,RYHMA 8522352
22361,RYHMA 5322361
22850,RYHMA 7022850
22480,RYHMA 8122480
22375,RYHMA 522375
22380,RYHMA 822380
22402,RYHMA 5922402
22405,RYHMA 5722405
22410,RYHMA 3122410
22411,RYHMA 3522411
22416,RYHMA 3722416
22421,RYHMA 9522421
22426,RYHMA 3522426
22436,RYHMA 2022436
22443,RYHMA 5522443
22447,RYHMA 9822447
22452,RYHMA 5622452
22457,RYHMA 6122457
22469,RYHMA 9122469
22481,RYHMA 922481
22486,RYHMA 6722486
22498,RYHMA 8122498
22502,RYHMA 8022502
22521,RYHMA 1922521
22526,RYHMA 1522526
22530,RYHMA 4122530
22536,RYHMA 5722536
22549,RYHMA 3922549
22560,RYHMA 8922560
22551,RYHMA 4722551
22593,RYHMA 3322593
22611,RYHMA 8622611
22773,RYHMA 622773
22634,RYHMA 2622634
22567,RYHMA 7522567
22568,RYHMA 2922568
22569,RYHMA 5322569
22622,RYHMA 6622622
22676,RYHMA 1822676
22690,RYHMA 6422690
22696,RYHMA 6822696
22702,RYHMA 2722702
22703,RYHMA 722703
22717,RYHMA 4622717
22719,RYHMA 5022719
22725,RYHMA 7122725
22732,RYHMA 3322732
22736,RYHMA 4522736
22749,RYHMA 7422749
22080,RYHMA 8022080
22682,RYHMA 7622682
22190,RYHMA 7922190
22197,RYHMA 3422197
22208,RYHMA 2222208
22215,RYHMA 2622215
22641,RYHMA 9322641
22754,RYHMA 322754
22755,RYHMA 3722755
22763,RYHMA 5722763
22766,RYHMA 8922766
22774,RYHMA 9522774
22775,RYHMA 9222775
22776,RYHMA 6522776
22789,RYHMA 6322789
22835,RYHMA 6922835
22878,RYHMA 1922878
22909,RYHMA 3922909
22657,RYHMA 4222657
22668,RYHMA 4222668
22559,RYHMA 8122559
20550,RYHMA 2720550
23143,RYHMA 823143
20554,RYHMA 8420554
4200,RYHMA 384200
2350,RYHMA 922350
6068,RYHMA 226068
23110,RYHMA 9823110
22126,RYHMA 3622126
23147,RYHMA 2423147
22724,RYHMA 7522724
23094,RYHMA 7023094
23148,RYHMA 4323148
20321,RYHMA 6620321
20456,RYHMA 1020456
22015,RYHMA 1322015
22048,RYHMA 2422048
22085,RYHMA 722085
22025,RYHMA 6022025
22008,RYHMA 822008
22022,RYHMA 5322022
22035,RYHMA 8722035
22055,RYHMA 1822055
2325,RYHMA 592325
2335,RYHMA 132335
22598,RYHMA 8122598
22045,RYHMA 8522045
22001,RYHMA 3322001
2230,RYHMA 372230
4320,RYHMA 844320
2355,RYHMA 722355
2340,RYHMA 682340
2330,RYHMA 232330
23154,RYHMA 1823154
